grp_fft_core_fu_76,entry_proc_U0,,status1.csv
grp_fft_core_fu_76,dma_in_U0,,status2.csv
grp_fft_core_fu_76,fft_serial_kernel_wrapper_U0,,status3.csv
grp_fft_core_fu_76.fft_serial_kernel_wrapper_U0,entry_proc42_U0,,status4.csv
grp_fft_core_fu_76.fft_serial_kernel_wrapper_U0,fft_serial_kernel_U0,,status5.csv
grp_fft_core_fu_76.fft_serial_kernel_wrapper_U0.fft_serial_kernel_U0,dataflow_in_loop_VITIS_LOOP_158_1_U0,,status6.csv
grp_fft_core_fu_76.fft_serial_kernel_wrapper_U0.fft_serial_kernel_U0.dataflow_in_loop_VITIS_LOOP_158_1_U0,Block_newFuncRoot_proc_proc_U0,,status7.csv
grp_fft_core_fu_76.fft_serial_kernel_wrapper_U0.fft_serial_kernel_U0.dataflow_in_loop_VITIS_LOOP_158_1_U0,Block_newFuncRoot_proc_proc5_U0,,status8.csv
grp_fft_core_fu_76.fft_serial_kernel_wrapper_U0.fft_serial_kernel_U0.dataflow_in_loop_VITIS_LOOP_158_1_U0,fft_fft_params_U0,,status9.csv
grp_fft_core_fu_76.fft_serial_kernel_wrapper_U0.fft_serial_kernel_U0.dataflow_in_loop_VITIS_LOOP_158_1_U0.fft_fft_params_U0,fft_syn_fft_params_U0,,status10.csv
grp_fft_core_fu_76.fft_serial_kernel_wrapper_U0.fft_serial_kernel_U0.dataflow_in_loop_VITIS_LOOP_158_1_U0,Block_newFuncRoot_proc_proc6_U0,,status11.csv
grp_fft_core_fu_76,dma_out_U0,,status12.csv
,AESL_inst_fft_16_ssr1_i16_c16_t16_top,,module_status1.csv
,grp_fft_core_fu_76,,module_status2.csv
grp_fft_core_fu_76.dma_in_U0,grp_dma_in_Pipeline_VITIS_LOOP_53_1_fu_98,,module_status3.csv
grp_fft_core_fu_76.dma_out_U0,grp_dma_out_Pipeline_VITIS_LOOP_78_1_fu_101,,module_status4.csv
